{
  "list":[
    {
      "id":1,
      "img": "https://ss2.bdstatic.com/70cFvnSh_Q1YnxGkpoWK1HF6hhy/it/u=2993810108,591499530&fm=26&gp=0.jpg",
      "title":"百搭小男生T恤 舒适透气天然棉1",
      "subTitle":"纯棉舒适 手感舒服",
      "stock": 80,
      "total": 120,
      "price": 99,
      "originalPrice": 199,
      "endTime": "2021-01-16 13:53:00"
    },
    {
      "id":2,
      "img": "https://ss2.bdstatic.com/70cFvnSh_Q1YnxGkpoWK1HF6hhy/it/u=2993810108,591499530&fm=26&gp=0.jpg",
      "title":"百搭小男生T恤 舒适透气天然棉2",
      "subTitle":"纯棉舒适 手感舒服",
      "stock": 80,
      "total": 120,
      "price": 99,
      "originalPrice": 199,
      "endTime": "2021-01-16 14:30:00"
    },
    {
      "id":3,
      "img": "https://ss2.bdstatic.com/70cFvnSh_Q1YnxGkpoWK1HF6hhy/it/u=2993810108,591499530&fm=26&gp=0.jpg",
      "title":"百搭小男生T恤 舒适透气天然棉3",
      "subTitle":"纯棉舒适 手感舒服",
      "stock": 60,
      "total": 150,
      "price": 99,
      "originalPrice": 199,
      "endTime": "2021-01-16 15:30:00"
    },
    {
      "id":4,
      "img": "https://ss2.bdstatic.com/70cFvnSh_Q1YnxGkpoWK1HF6hhy/it/u=2993810108,591499530&fm=26&gp=0.jpg",
      "title":"百搭小男生T恤 舒适透气天然棉4",
      "subTitle":"纯棉舒适 手感舒服",
      "stock": 70,
      "total": 120,
      "price": 99,
      "originalPrice": 199,
      "endTime": "2021-01-16 16:30:00"
    },
    {
      "id":5,
      "img": "https://ss2.bdstatic.com/70cFvnSh_Q1YnxGkpoWK1HF6hhy/it/u=2993810108,591499530&fm=26&gp=0.jpg",
      "title":"百搭小男生T恤 舒适透气天然棉5",
      "subTitle":"纯棉舒适 手感舒服",
      "stock": 80,
      "total": 120,
      "price": 99,
      "originalPrice": 199,
      "endTime": "2021-01-17 14:30:00"
    },
    {
      "id":6,
      "img": "https://ss2.bdstatic.com/70cFvnSh_Q1YnxGkpoWK1HF6hhy/it/u=2993810108,591499530&fm=26&gp=0.jpg",
      "title":"百搭小男生T恤 舒适透气天然棉6",
      "subTitle":"纯棉舒适 手感舒服",
      "stock": 80,
      "total": 120,
      "price": 99,
      "originalPrice": 199,
      "endTime": "2021-01-16 18:30:00"
    }
  ]
}
